Status,Number,Number Lower Bound,Number Upper Bound,Proportion,Proportion Lower Bound,Proportion Upper Bound
Unvaccinated,101.33917053145183,78.29450066812322,124.3838403947804,0.25334792632862957,0.19573625167030806,0.310959600986951
Partially Vaccinated,29.17242600683494,5.7704332044010656,72.46736820161041,0.07293106501708735,0.014426083011002663,0.18116842050402604
Fully Vaccinated,269.48840346171323,229.23813113026634,292.01698175339493,0.6737210086542831,0.5730953278256659,0.7300424543834874
